{
  "info": {
    "firstName": "Mohamed",
    "lastName": "Elsifi",
    "title": "iOS and Appcelerator Titanium Developer", 
    "emailAddress": "m@elsifi.com",
    "phoneNumber": "+201066276777",
    "arabicName": "محمد الصيفي",
    "updateDate": "Oct 2016",
    "bio": "With a rich mix of software and design and sharp eye for details, I find it my ultimate joy to create beautiful andintuitive software solutions with the end-user in mind.<br><br> I have <strong>+3 years of software development experience</strong>, making mobile and web applications. I started Native with iOS 6 SDK and Xcode 4 onto the latest SDK now, in the middle I shifted onto PHP (Laravel framework) and Appcelerator Titanium (Mobile Cross-platform) for a variety of projects.<br><br> I’m a computers engineering graduate with a Very-Good BSc. degree (ranked class 3rd). I have always invested time and effort in core skills for building software and this approach has seen me pick up new skills quickly and succeed on challenging projects many times.<br><br> Over the last two years I have started diversifying my technical skills to also cover the «interface» part, I got familiar with the best UI practices and patterns on mobile. This has exposed to me to many other tools that made me enjoy the development process even more. I enjoy all the challenges this industry offers; delivery, leadership, technology, customer satisfaction, innovation and on-going learning. I love it when each project is different.<br><br> <strong>This is a portfolio of several mobile and web apps I have worked on. My experience goes much further than that with experience as a freelance software developer, managing end-to-end project analysis and delivery</strong>",
    "skillsCloud": [
      {
        "text": "Appcelerator Titanium",
        "weight": 5
      },
      {
        "text": "Swift",
        "weight": 5
      },
      {
        "text": "Animation",
        "weight": 3
      },
      {
        "text": "Cross-platform",
        "weight": 4
      },
      {
        "text": "Photoshop",
        "weight": 2
      },
      {
        "text": "Javascript",
        "weight": 3
      },
      {
        "text": "Objective-C",
        "weight": 4
      },
      {
        "text": "PHP",
        "weight": 3
      }
    ]
  },
  "projects": [
    {
      "title": "Athkar - اذكار",
      "description": "A 4+ stars app with an international audience of more than <strong>40K users</strong>. iPhones and iPads are supported. For more details head to to <a href=\"http://www.dailyAthkar.com\" rel=\"noopener\" target=\"_blank\">http://www.dailyAthkar.com</a>",
      "icon": "https://is3-ssl.mzstatic.com/image/thumb/Purple118/v4/a5/32/30/a532304e-c871-26d0-aac5-b0e97596387a/source/1024x1024bb.jpg",
      "screenShot1": "https://media.idownloadblog.com/wp-content/uploads/2018/03/iOS-11-Instant-Markup-annotate-screenshots-004.png",
      "screenShot2": "https://media.idownloadblog.com/wp-content/uploads/2018/03/iOS-11-Instant-Markup-annotate-screenshots-004.png",
      "appStoreLink": "https://www.apple.com/ios/app-store/",
      "googlePlayLink": "https://play.google.com/",
      "tools": [
        "Xcode",
        "Objective-C",
        "Story Boards",
        "Local Notifications",
        "Facebook and Twitter SDK",
        "Adobe Photoshop",
        "Adobe Illustrator",
        "Adobe AfterEffects",
        "Facebook Ads",
        "Google Analytics SDK"
      ],
      "Challenges": "This was my first mobile project, taking care of every possible detail, we managed - me and a friend - to get this project done, we took care of UI design, iOS development, AppStore submission and marketing. We even made anAd http://go.elsifi.com/dailyAthkarAppAd"
    },
    {
      "title": "AllTalent Group",
      "description": "A 4+ stars app with an international audience of more than <strong>40K users</strong>. iPhones and iPads are supported. For more details head to to <a href=\"http://www.dailyAthkar.com\" rel=\"noopener\" target=\"_blank\">http://www.dailyAthkar.com</a>",
      "icon": "https://is3-ssl.mzstatic.com/image/thumb/Purple118/v4/a5/32/30/a532304e-c871-26d0-aac5-b0e97596387a/source/1024x1024bb.jpg",
      "screenShot1": "https://media.idownloadblog.com/wp-content/uploads/2018/03/iOS-11-Instant-Markup-annotate-screenshots-004.png",
      "screenShot2": "https://media.idownloadblog.com/wp-content/uploads/2018/03/iOS-11-Instant-Markup-annotate-screenshots-004.png",
      "appStoreLink": "",
      "googlePlayLink": "",
      "tools": [
        "Xcode",
        "Objective-C",
        "Story Boards",
        "Local Notifications",
        "Facebook and Twitter SDK",
        "Adobe Photoshop",
        "Adobe Illustrator",
        "Adobe AfterEffects",
        "Facebook Ads",
        "Google Analytics SDK"
      ],
      "Challenges": "normal text \n <strong>boldText</strong> <em>italicText</em> <del>strikeThroughText</del> <a href=\"http://google.com\" target=\"_blank\" rel=\"noopener\">hyperLink</a>"
    },
    {
      "title": "Vatreen",
      "description": "A 4+ stars app with an international audience of more than <strong>40K users</strong>. iPhones and iPads are supported. For more details head to to <a href=\"http://www.dailyAthkar.com\" rel=\"noopener\" target=\"_blank\">http://www.dailyAthkar.com</a>",
      "icon": "https://is3-ssl.mzstatic.com/image/thumb/Purple118/v4/a5/32/30/a532304e-c871-26d0-aac5-b0e97596387a/source/1024x1024bb.jpg",
      "screenShot1": "https://media.idownloadblog.com/wp-content/uploads/2018/03/iOS-11-Instant-Markup-annotate-screenshots-004.png",
      "screenShot2": "https://media.idownloadblog.com/wp-content/uploads/2018/03/iOS-11-Instant-Markup-annotate-screenshots-004.png",
      "appStoreLink": "",
      "googlePlayLink": "",
      "tools": [
        "Xcode",
        "Objective-C",
        "Story Boards",
        "Local Notifications",
        "Facebook and Twitter SDK",
        "Adobe Photoshop",
        "Adobe Illustrator",
        "Adobe AfterEffects",
        "Facebook Ads",
        "Google Analytics SDK"
      ],
      "Challenges": "normal text \n <strong>boldText</strong> <em>italicText</em> <del>strikeThroughText</del> <a href=\"http://google.com\" target=\"_blank\" rel=\"noopener\">hyperLink</a>"
    },
    {
      "title": "Halaqat",
      "description": "A 4+ stars app with an international audience of more than <strong>40K users</strong>. iPhones and iPads are supported. For more details head to to <a href=\"http://www.dailyAthkar.com\" rel=\"noopener\" target=\"_blank\">http://www.dailyAthkar.com</a>",
      "icon": "https://is3-ssl.mzstatic.com/image/thumb/Purple118/v4/a5/32/30/a532304e-c871-26d0-aac5-b0e97596387a/source/1024x1024bb.jpg",
      "screenShot1": "https://media.idownloadblog.com/wp-content/uploads/2018/03/iOS-11-Instant-Markup-annotate-screenshots-004.png",
      "screenShot2": "https://media.idownloadblog.com/wp-content/uploads/2018/03/iOS-11-Instant-Markup-annotate-screenshots-004.png",
      "appStoreLink": "",
      "googlePlayLink": "",
      "tools": [
        "Xcode",
        "Objective-C",
        "Story Boards",
        "Local Notifications",
        "Facebook and Twitter SDK",
        "Adobe Photoshop",
        "Adobe Illustrator",
        "Adobe AfterEffects",
        "Facebook Ads",
        "Google Analytics SDK"
      ],
      "Challenges": "normal text \n <strong>boldText</strong> <em>italicText</em> <del>strikeThroughText</del> <a href=\"http://google.com\" target=\"_blank\" rel=\"noopener\">hyperLink</a>"
    }
  ],
  "feedBack": [
    {
      "icon": "https://is3-ssl.mzstatic.com/image/thumb/Purple118/v4/a5/32/30/a532304e-c871-26d0-aac5-b0e97596387a/source/1024x1024bb.jpg",
      "title": "Félix DeBlois-Beaucage From Akia Marketing, Canada.",
      "url": "http://google.com",
      "text": "Lorem ipsum dolor sit amet, consectetur adipiscing elit. Aenean quis nulla nec ante porttitor venenatis. Cras facilisis est nisi. Vivamus sed odio id leo ultrices commodo ut eget enim. Pellentesque quis tincidunt neque, ac mollis purus. Orci varius natoque penatibus et magnis dis parturient montes, nascetur ridiculus mus. Sed sit amet tempus erat. Nunc urna leo, feugiat eu metus in, tincidunt sagittis purus. Class aptent taciti sociosqu ad litora torquent per conubia nostra, per inceptos himenaeos. Etiam eget dolor nec orci luctus egestas sit amet eu tortor. Nam et magna eget erat dignissim blandit. Donec ac tincidunt orci. Donec lacinia mollis interdum. Ut blandit tortor et posuere blandit."
    },
    {
      "icon": "https://is3-ssl.mzstatic.com/image/thumb/Purple118/v4/a5/32/30/a532304e-c871-26d0-aac5-b0e97596387a/source/1024x1024bb.jpg",
      "title": "Félix DeBlois-Beaucage From Akia Marketing, Canada.",
      "url": "http://google.com",
      "text": "normal text \n <strong>boldText</strong> <em>italicText</em> <del>strikeThroughText</del> <a href=\"http://google.com\" target=\"_blank\" rel=\"noopener\">hyperLink</a>"
    },
    {
      "icon": "https://is3-ssl.mzstatic.com/image/thumb/Purple118/v4/a5/32/30/a532304e-c871-26d0-aac5-b0e97596387a/source/1024x1024bb.jpg",
      "title": "Félix DeBlois-Beaucage From Akia Marketing, Canada.",
      "url": "http://google.com",
      "text": "normal text \n <strong>boldText</strong> <em>italicText</em> <del>strikeThroughText</del> <a href=\"http://google.com\" target=\"_blank\" rel=\"noopener\">hyperLink</a>"
    }
  ]
}